{
  "/isu/users/students-262" : {
    "transaction" : "/isu/users/students-262",
    "sampleCount" : 100000,
    "errorCount" : 0,
    "errorPct" : 0.0,
    "meanResTime" : 27.632989999999968,
    "minResTime" : 1.0,
    "maxResTime" : 3214.0,
    "pct1ResTime" : 64.0,
    "pct2ResTime" : 115.0,
    "pct3ResTime" : 209.9900000000016,
    "throughput" : 499.530441385098,
    "receivedKBytesPerSec" : 1277.7822635784862,
    "sentKBytesPerSec" : 378.06258991547946
  },
  "/isu/literature/-264" : {
    "transaction" : "/isu/literature/-264",
    "sampleCount" : 100000,
    "errorCount" : 0,
    "errorPct" : 0.0,
    "meanResTime" : 28.516450000000027,
    "minResTime" : 1.0,
    "maxResTime" : 3219.0,
    "pct1ResTime" : 66.0,
    "pct2ResTime" : 117.0,
    "pct3ResTime" : 214.0,
    "throughput" : 499.57036948224527,
    "receivedKBytesPerSec" : 1277.8805978811347,
    "sentKBytesPerSec" : 381.507840756949
  },
  "/isu/-259-1" : {
    "transaction" : "/isu/-259-1",
    "sampleCount" : 100000,
    "errorCount" : 0,
    "errorPct" : 0.0,
    "meanResTime" : 19.34153999999998,
    "minResTime" : 1.0,
    "maxResTime" : 3233.0,
    "pct1ResTime" : 35.0,
    "pct2ResTime" : 90.0,
    "pct3ResTime" : 194.0,
    "throughput" : 499.4855299041987,
    "receivedKBytesPerSec" : 1094.211102213158,
    "sentKBytesPerSec" : 164.38146833761226
  },
  "/isu/users/teachers-263-0" : {
    "transaction" : "/isu/users/teachers-263-0",
    "sampleCount" : 100000,
    "errorCount" : 0,
    "errorPct" : 0.0,
    "meanResTime" : 8.71737999999996,
    "minResTime" : 0.0,
    "maxResTime" : 3060.0,
    "pct1ResTime" : 11.0,
    "pct2ResTime" : 22.0,
    "pct3ResTime" : 101.0,
    "throughput" : 499.55539569782894,
    "receivedKBytesPerSec" : 183.4864821871035,
    "sentKBytesPerSec" : 193.67528524613095
  },
  "/isu/users/teachers-263-1" : {
    "transaction" : "/isu/users/teachers-263-1",
    "sampleCount" : 100000,
    "errorCount" : 0,
    "errorPct" : 0.0,
    "meanResTime" : 19.126999999999672,
    "minResTime" : 0.0,
    "maxResTime" : 3203.0,
    "pct1ResTime" : 40.0,
    "pct2ResTime" : 94.0,
    "pct3ResTime" : 194.9900000000016,
    "throughput" : 499.5603868595636,
    "receivedKBytesPerSec" : 1094.3671180689119,
    "sentKBytesPerSec" : 189.28655283350653
  },
  "/isu/literature/-264-1" : {
    "transaction" : "/isu/literature/-264-1",
    "sampleCount" : 100000,
    "errorCount" : 0,
    "errorPct" : 0.0,
    "meanResTime" : 19.275510000000157,
    "minResTime" : 1.0,
    "maxResTime" : 3137.0,
    "pct1ResTime" : 39.0,
    "pct2ResTime" : 91.0,
    "pct3ResTime" : 185.9900000000016,
    "throughput" : 499.5878400319736,
    "receivedKBytesPerSec" : 1094.4268878565808,
    "sentKBytesPerSec" : 189.296955012115
  },
  "/isu/users/teachers-263" : {
    "transaction" : "/isu/users/teachers-263",
    "sampleCount" : 100000,
    "errorCount" : 0,
    "errorPct" : 0.0,
    "meanResTime" : 27.869360000000114,
    "minResTime" : 1.0,
    "maxResTime" : 3211.0,
    "pct1ResTime" : 67.0,
    "pct2ResTime" : 121.0,
    "pct3ResTime" : 218.0,
    "throughput" : 499.55290015436185,
    "receivedKBytesPerSec" : 1277.8362828159422,
    "sentKBytesPerSec" : 382.9580338097403
  },
  "/isu/-259-0" : {
    "transaction" : "/isu/-259-0",
    "sampleCount" : 100000,
    "errorCount" : 0,
    "errorPct" : 0.0,
    "meanResTime" : 8.938809999999854,
    "minResTime" : 0.0,
    "maxResTime" : 3170.0,
    "pct1ResTime" : 11.0,
    "pct2ResTime" : 20.950000000000728,
    "pct3ResTime" : 98.9900000000016,
    "throughput" : 499.2212149047486,
    "receivedKBytesPerSec" : 183.36466401476196,
    "sentKBytesPerSec" : 161.85687826989894
  },
  "/isu/literature/-264-0" : {
    "transaction" : "/isu/literature/-264-0",
    "sampleCount" : 100000,
    "errorCount" : 0,
    "errorPct" : 0.0,
    "meanResTime" : 9.215730000000024,
    "minResTime" : 0.0,
    "maxResTime" : 3205.0,
    "pct1ResTime" : 11.0,
    "pct2ResTime" : 24.0,
    "pct3ResTime" : 101.9900000000016,
    "throughput" : 499.5728652002538,
    "receivedKBytesPerSec" : 183.4928987278377,
    "sentKBytesPerSec" : 192.2184657118164
  },
  "/isu/my_group-260-0" : {
    "transaction" : "/isu/my_group-260-0",
    "sampleCount" : 100000,
    "errorCount" : 0,
    "errorPct" : 0.0,
    "meanResTime" : 8.916849999999991,
    "minResTime" : 0.0,
    "maxResTime" : 3134.0,
    "pct1ResTime" : 11.0,
    "pct2ResTime" : 24.0,
    "pct3ResTime" : 104.9900000000016,
    "throughput" : 499.51297484952175,
    "receivedKBytesPerSec" : 183.4717351753915,
    "sentKBytesPerSec" : 183.90272609206025
  },
  "/isu/-259" : {
    "transaction" : "/isu/-259",
    "sampleCount" : 100000,
    "errorCount" : 0,
    "errorPct" : 0.0,
    "meanResTime" : 28.307019999999994,
    "minResTime" : 1.0,
    "maxResTime" : 3246.0,
    "pct1ResTime" : 62.0,
    "pct2ResTime" : 116.0,
    "pct3ResTime" : 216.9900000000016,
    "throughput" : 499.2162305180866,
    "receivedKBytesPerSec" : 1276.9839876784074,
    "sentKBytesPerSec" : 326.1481037271484
  },
  "/isu/my_group-260-1" : {
    "transaction" : "/isu/my_group-260-1",
    "sampleCount" : 100000,
    "errorCount" : 0,
    "errorPct" : 0.0,
    "meanResTime" : 18.88689000000012,
    "minResTime" : 1.0,
    "maxResTime" : 3125.0,
    "pct1ResTime" : 34.0,
    "pct2ResTime" : 87.0,
    "pct3ResTime" : 188.0,
    "throughput" : 499.51047972986476,
    "receivedKBytesPerSec" : 1094.2645543305061,
    "sentKBytesPerSec" : 182.43839787008733
  },
  "/isu/users/students-262-1" : {
    "transaction" : "/isu/users/students-262-1",
    "sampleCount" : 100000,
    "errorCount" : 0,
    "errorPct" : 0.0,
    "meanResTime" : 18.881169999999877,
    "minResTime" : 1.0,
    "maxResTime" : 3201.0,
    "pct1ResTime" : 36.0,
    "pct2ResTime" : 89.0,
    "pct3ResTime" : 184.0,
    "throughput" : 499.54042281101385,
    "receivedKBytesPerSec" : 1094.3258862003206,
    "sentKBytesPerSec" : 186.83982610997882
  },
  "/isu/-265-0" : {
    "transaction" : "/isu/-265-0",
    "sampleCount" : 100000,
    "errorCount" : 0,
    "errorPct" : 0.0,
    "meanResTime" : 8.906630000000087,
    "minResTime" : 0.0,
    "maxResTime" : 3071.0,
    "pct1ResTime" : 11.0,
    "pct2ResTime" : 21.0,
    "pct3ResTime" : 103.9900000000016,
    "throughput" : 499.6003197442047,
    "receivedKBytesPerSec" : 183.50418786064898,
    "sentKBytesPerSec" : 185.39855615507594
  },
  "Total" : {
    "transaction" : "Total",
    "sampleCount" : 2100000,
    "errorCount" : 0,
    "errorPct" : 0.0,
    "meanResTime" : 18.718210000000028,
    "minResTime" : 0.0,
    "maxResTime" : 3246.0,
    "pct1ResTime" : 12.0,
    "pct2ResTime" : 23.0,
    "pct3ResTime" : 112.0,
    "throughput" : 10482.703539160384,
    "receivedKBytesPerSec" : 17876.276458296936,
    "sentKBytesPerSec" : 5162.380509659062
  },
  "/isu/users/students-262-0" : {
    "transaction" : "/isu/users/students-262-0",
    "sampleCount" : 100000,
    "errorCount" : 0,
    "errorPct" : 0.0,
    "meanResTime" : 8.726590000000108,
    "minResTime" : 0.0,
    "maxResTime" : 3065.0,
    "pct1ResTime" : 11.0,
    "pct2ResTime" : 22.0,
    "pct3ResTime" : 97.0,
    "throughput" : 499.53293670418157,
    "receivedKBytesPerSec" : 183.47915987614078,
    "sentKBytesPerSec" : 191.2274523320695
  },
  "/isu/-265-1" : {
    "transaction" : "/isu/-265-1",
    "sampleCount" : 100000,
    "errorCount" : 0,
    "errorPct" : 0.0,
    "meanResTime" : 19.369129999999824,
    "minResTime" : 1.0,
    "maxResTime" : 3147.0,
    "pct1ResTime" : 37.0,
    "pct2ResTime" : 92.0,
    "pct3ResTime" : 199.9900000000016,
    "throughput" : 499.62777730590705,
    "receivedKBytesPerSec" : 1094.5140987152072,
    "sentKBytesPerSec" : 187.84833424099045
  },
  "/isu/my_marks/-261-1" : {
    "transaction" : "/isu/my_marks/-261-1",
    "sampleCount" : 100000,
    "errorCount" : 0,
    "errorPct" : 0.0,
    "meanResTime" : 19.239400000000114,
    "minResTime" : 1.0,
    "maxResTime" : 3211.0,
    "pct1ResTime" : 39.0,
    "pct2ResTime" : 91.0,